"category","subcategory","ID","Description","GeneRatio","BgRatio","RichFactor","FoldEnrichment","zScore","pvalue","p.adjust","qvalue","geneID","Count"
"Organismal Systems","Nervous system","hsa04724","Glutamatergic synapse","66/2156","116/9399",0.568965517241379,2.48038353272343,8.75269753469554,2.26593885871528e-15,7.93078600550349e-13,4.46032175347113e-13,"2744/5579/5582/108/10681/775/5532/5534/2773/55970/22941/2913/2904/5567/2785/23154/2776/3760/2902/116443/2778/2917/57030/2787/2775/2783/2912/2915/2905/157/27165/5530/50944/107/2911/85358/1742/59345/2903/57084/6511/9762/9456/9454/111/9229/2770/3708/23236/5595/776/773/6505/5337/6507/51764/3709/8605/54331/2891/2893/2890/6506/94235/2892/2786",66
"Environmental Information Processing","Signal transduction","hsa04010","MAPK signaling pathway","127/2156","300/9399",0.423333333333333,1.84550556586271,8.12013260867056,2.60832380772845e-14,4.56456666352479e-12,2.56713974760643e-12,"774/5601/6416/5058/2316/5598/51776/10368/1849/5579/5582/1850/5924/998/51701/5494/9693/775/5532/5534/23162/408/55970/7157/5801/5567/5602/4208/5604/673/3925/7132/777/3654/4137/3551/9064/1956/5923/4615/782/9261/23542/5970/84867/285/2768/5530/4293/1844/3315/5599/6788/785/10000/55799/59283/7042/781/10369/4294/56034/7040/4775/5228/84451/4609/7422/9252/1435/836/627/783/4915/2066/208/3725/5595/776/784/3815/929/6196/1944/1946/773/4214/3727/355/3310/27330/5600/1969/3556/1846/9175/4616/8605/5880/9254/3479/1647/7010/1848/2254/786/2065/7039/8913/2263/22808/6237/5607/2324/1945/10125/2323/2261/1943/2064/80310/25780/2122/7048/4804/3082/4233",127
"Environmental Information Processing","Signaling molecules and interaction","hsa04082","Neuroactive ligand signaling","88/2156","199/9399",0.442211055276382,1.92780227668957,7.21723612744828,1.61950516885335e-11,1.88942269699557e-09,1.06262268973886e-09,"5579/5582/3356/108/3358/10681/2773/55970/2913/2904/2558/5567/2785/2555/2776/2550/2563/2902/2562/116443/2778/2917/57030/140679/2787/2775/4985/2774/2783/2912/3274/11255/2915/2905/1128/2565/107/5173/2911/1812/6866/2566/2557/59345/2903/6863/57084/2560/5026/6511/2554/1141/2561/2743/6529/153/147/6540/111/4986/2770/9568/3361/1131/23236/5368/6539/1139/6505/5179/6507/51764/3269/54331/2891/150/2893/2890/6506/64805/148/22953/5028/94235/2892/53829/8001/2786",88
"Organismal Systems","Nervous system","hsa04728","Dopaminergic synapse","65/2156","133/9399",0.488721804511278,2.1305641190174,7.16403545613411,4.01233655073303e-11,2.74871112279024e-09,1.54589166905797e-09,"774/5601/55844/805/5579/5582/10681/775/5532/2773/408/55970/2904/5567/5602/2785/816/818/3800/2776/5515/5522/3760/808/2778/2787/2775/2774/2783/815/5521/50632/5530/3763/801/1812/59345/2903/3798/5599/3765/10000/111/2770/3708/23236/208/776/55012/773/84152/1388/5600/51764/28227/3709/54331/2891/2893/2890/94235/5516/5519/2892/2786",65
"Organismal Systems","Environmental adaptation","hsa04713","Circadian entrainment","52/2156","97/9399",0.536082474226804,2.33703115735516,7.22141133733294,4.62368750491978e-11,2.74871112279024e-09,1.54589166905797e-09,"805/5579/5582/108/10681/775/2773/55970/2904/5567/2785/816/818/2776/3760/2902/808/2983/2778/2787/2775/2783/815/6262/4842/2905/3763/801/107/116/59345/2903/3765/2982/111/2770/9252/3708/9722/23236/5595/776/51764/54331/2891/2893/2890/8913/6261/94235/2892/2786",52
"Organismal Systems","Nervous system","hsa04727","GABAergic synapse","49/2156","89/9399",0.550561797752809,2.40015321756895,7.24066711589638,4.71207621049756e-11,2.74871112279024e-09,1.54589166905797e-09,"774/23710/2744/5579/5582/108/10681/775/2773/55970/2558/5567/2785/2555/2550/4905/2572/2563/2562/140679/2787/2775/2783/57468/2565/27165/10243/3763/107/2566/2557/59345/2560/2554/2561/6529/6540/111/2770/9568/5334/776/2571/6539/773/51764/54331/94235/2786",49
"Environmental Information Processing","Signaling molecules and interaction","hsa04517","IgSF CAM signaling","118/2156","299/9399",0.394648829431438,1.72045656207147,6.90725604816822,5.86539497965481e-11,2.9326974898274e-09,1.64936670856459e-09,"57180/5601/5058/57522/5579/5582/9423/998/56924/2036/9693/9223/288/5602/11141/5604/81873/3786/23136/10382/22999/5291/9901/3785/7277/8828/5818/139065/8541/3739/6586/5063/50848/137970/3678/4067/4478/8499/58494/117178/10458/84623/287/3676/8829/145581/8826/91768/57144/4301/5599/6711/3737/55243/10000/90249/57524/56288/5962/8573/10627/3688/3897/5819/114798/5588/10095/5829/5789/26047/3736/1796/6334/6712/23085/8633/57731/4008/208/7204/5595/5803/26050/23426/6900/8506/253559/7410/4684/4155/1272/8497/3689/84617/3385/4099/5600/3556/4685/653857/3690/4916/3635/87/6585/80059/7430/4629/9353/23380/23114/199731/5375/120425/342035/150084/999/57689",118
"Cellular Processes","Cell growth and death","hsa04110","Cell cycle","73/2156","158/9399",0.462025316455696,2.01418179469717,7.01403170622919,7.4195846498525e-11,3.15934142248526e-09,1.77683261956314e-09,"10403/7465/983/1111/7272/5933/1017/5111/7157/23047/4174/5515/9133/1032/1031/4172/7533/57082/4176/699/890/9700/4171/701/7534/26271/894/10735/10926/151648/995/7042/993/1875/4085/991/8243/891/9212/7040/1019/157570/1663/4609/9232/8900/90381/9126/5347/7029/4175/595/8318/4173/1021/10274/5934/4998/4616/23383/113130/1647/81620/4193/7027/546/1028/27085/1029/4087/5516/5519/1030",73
"Human Diseases","Cancer: overview","hsa05205","Proteoglycans in cancer","88/2156","204/9399",0.431372549019608,1.88055222088836,6.9370877755546,8.12402080067639e-11,3.15934142248526e-09,1.77683261956314e-09,"960/5058/2316/4660/5579/5582/998/288/7157/7480/2335/5567/816/967/7097/5604/818/3091/3339/673/6608/5291/6774/1956/815/3678/4478/5328/7474/287/7078/8826/8324/23365/10000/7042/5962/3236/1278/3688/4313/5829/7040/4609/7422/1277/836/3708/2066/208/27250/857/5595/3059/595/10855/2535/7074/8321/6382/7410/8326/2817/355/7855/5600/3690/3709/4318/3479/867/286/7477/7430/2065/22808/79923/4193/10818/6237/6093/3693/4060/4087/2064/858/3082/4233",88
"Human Diseases","Substance dependence","hsa05032","Morphine addiction","49/2156","91/9399",0.538461538461538,2.3474025974026,7.04648846068353,1.36181516775743e-10,4.766353087151e-09,2.68062564600673e-09,"774/5579/5582/5136/108/10681/2773/408/55970/2558/5567/2785/2555/2550/3760/2563/5138/2562/2778/140679/2787/2775/2783/2565/157/3763/107/1812/2566/2557/59345/5137/3765/2560/2554/2561/111/2770/5141/9568/773/5153/5143/51764/54331/10846/50940/94235/2786",49
"Environmental Information Processing","Signal transduction","hsa04020","Calcium signaling pathway","100/2156","254/9399",0.393700787401575,1.71632360889954,6.31418241610152,2.04825363980832e-09,6.51717067211737e-08,3.66529598702541e-08,"774/2149/887/805/5579/5582/5733/3356/7852/5136/108/3358/775/5532/5534/57118/2904/5567/816/57172/818/2776/3706/6546/6543/491/490/2902/116443/808/2778/777/2774/1956/815/6262/3274/4842/2915/488/2905/1128/1909/5530/492/801/107/2911/1812/5137/2903/291/814/5026/153/147/56034/4775/7422/3361/444/1131/3708/4915/23236/2066/776/2185/1139/255231/773/5021/5153/7125/4773/4916/844/3709/3269/3707/1910/2254/100130933/4485/6547/2065/7039/8913/2263/5255/6261/2324/148/22953/2261/2064/80310/886/3082/4233",100
"Organismal Systems","Circulatory system","hsa04261","Adrenergic signaling in cardiomyocytes","68/2156","154/9399",0.441558441558442,1.92495723200732,6.31409934969126,3.58118313180329e-09,1.04451174677596e-07,5.87439689164224e-08,"55844/805/10368/108/775/7170/2773/5567/816/818/2776/5515/6546/5522/6543/491/490/11069/808/2778/815/6262/5521/782/488/492/801/107/785/10000/55799/59283/781/153/478/147/10369/111/2770/9252/10411/783/23236/208/5595/64208/776/55012/784/5502/481/23533/6324/7169/1388/5600/7168/28227/9254/7171/786/6547/148/5516/5519/5294/4625/3784",68
"Organismal Systems","Nervous system","hsa04721","Synaptic vesicle cycle","42/2156","79/9399",0.531645569620253,2.31768864047345,6.4165450455826,4.72290854754452e-09,1.27155230126199e-07,7.15128662664635e-08,"774/594855/535/161/6804/8992/1212/534/51606/5864/523/4905/6844/529/528/22999/6812/57030/140679/112755/526/6857/1759/26052/23545/57084/6511/10815/6529/6616/440279/6540/10814/525/23025/6539/1785/773/6505/6507/6506/10312",42
"Cellular Processes","Cell growth and death","hsa04218","Cellular senescence","68/2156","157/9399",0.43312101910828,1.88817460973967,6.12277152746585,9.43922424550288e-09,2.27124746088215e-07,1.27736323363899e-07,"1978/805/10758/983/3133/8945/1111/5933/1017/3107/5532/5534/678/7157/2305/3106/5604/9133/3135/808/5291/4683/3105/890/894/3134/9261/5970/5054/5530/3486/801/291/10000/7042/993/1875/891/7040/1019/4775/4609/2113/3708/208/8900/5595/776/4605/595/1021/5934/5600/4773/286826/4616/3709/1647/3364/22808/4193/6237/6009/204851/1029/4087/7048/1030",68
"Organismal Systems","Endocrine system","hsa04921","Oxytocin signaling pathway","67/2156","154/9399",0.435064935064935,1.89664903741898,6.12085716847896,9.73391768949494e-09,2.27124746088215e-07,1.27736323363899e-07,"805/4660/5598/10368/5579/5582/108/775/5532/5534/2773/10645/57118/5567/4208/816/57172/5604/818/2776/3760/808/2983/2778/2775/1956/815/6262/782/3761/5530/3763/801/107/3765/785/814/55799/59283/781/2982/10369/111/4775/2770/783/3708/23236/3725/5595/3768/5563/776/784/595/23533/5021/4773/3709/8605/9254/1827/786/5607/6261/6093/5294",67
"Environmental Information Processing","Signal transduction","hsa04024","cAMP signaling pathway","89/2156","226/9399",0.393805309734513,1.71677927003464,5.95068299911725,1.56692728174995e-08,3.42765342882802e-07,1.92773290583711e-07,"6750/5601/2149/5058/805/1392/4852/5733/108/775/2773/2904/5567/5602/816/5604/818/2550/7432/673/491/490/6662/11069/2902/116443/808/5291/2778/6751/815/6262/6752/5970/488/2905/1128/1909/1261/492/801/107/116/1812/4301/2903/5599/814/10000/4886/153/64399/478/4792/111/2770/10411/5141/627/9568/5465/208/3725/5595/64208/1394/776/481/7074/7410/5021/1258/84152/5143/64411/268/5337/3991/5348/5880/2891/2893/2737/10846/2890/6237/6093/1908/2892",89
"Environmental Information Processing","Signaling molecules and interaction","hsa04518","Integrin signaling","66/2156","154/9399",0.428571428571429,1.86834084283064,5.92761498726666,2.57731787223053e-08,5.30624267812169e-07,2.98426279942483e-07,"83660/2316/3913/998/3696/3915/3371/3987/1282/1284/2335/9459/5291/1956/894/5649/3678/3911/3676/10979/3679/10000/3912/3691/1278/3688/1291/56034/5829/7040/5228/7422/1277/3672/83706/208/29780/3910/595/3381/64098/1292/3689/3385/1311/80144/341640/3690/718/3680/5880/3479/87/2324/7412/3693/7143/2317/255743/2064/1280/80310/1293/3082/4233/999",66
"Environmental Information Processing","Signal transduction","hsa04015","Rap1 signaling pathway","84/2156","212/9399",0.39622641509434,1.72733398676795,5.84383318072626,2.86235800678163e-08,5.56569612429762e-07,3.1301809781764e-07,"23683/2149/83660/805/5579/5582/998/108/9693/9223/2773/25865/2904/5604/2776/673/11069/2902/808/5291/2778/2775/1956/285/9771/801/5909/107/26037/4301/2903/10000/55740/56288/5587/2533/3688/56034/111/5590/5228/7422/2770/10411/1435/1902/23236/208/9170/5595/3815/1944/1946/7074/7410/3689/64411/5600/1969/23566/3690/10636/5880/3479/7010/2254/2263/22808/6237/2324/1945/2357/5028/3397/23094/2261/1943/80310/25780/4804/3082/1268/4233/999",84
"Human Diseases","Substance dependence","hsa05033","Nicotine addiction","26/2156","41/9399",0.634146341463415,2.76453685687135,6.17751769497377,3.32337399998694e-08,6.12200473681804e-07,3.44305228807511e-07,"774/2904/2558/2555/2563/2902/2562/116443/57030/140679/2905/2565/2566/2557/2903/57084/2560/2554/1141/2561/1139/773/2891/2893/2890/2892",26
"Human Diseases","Infectious disease: viral","hsa05165","Human papillomavirus infection","119/2156","333/9399",0.357357357357357,1.55788580788581,5.65512786388195,4.98881810948879e-08,8.73043169160539e-07,4.91004729723371e-07,"1978/55844/84441/4853/535/3133/3913/998/3696/3915/5933/1017/3371/3107/9223/8992/534/51606/7157/1282/1284/7480/2335/3106/5567/5604/1740/523/1452/5515/5522/529/3135/528/5291/2778/7132/3955/3105/890/1741/3551/1956/5521/894/3134/5649/3678/182/5970/3911/7474/23462/3676/526/7098/8324/841/23545/3679/10000/3912/56288/3691/581/1278/3688/1291/5590/5829/525/3280/1019/7422/1277/3672/836/1108/27175/4851/3455/208/83439/8900/3910/5595/55012/595/2535/8321/10474/3381/54626/1021/8326/1292/355/7855/5934/4242/1311/55502/3690/28227/3680/6772/7337/9636/7477/4193/10312/8312/6009/3693/7143/5516/1280/5519/1293",119
"Environmental Information Processing","Signaling molecules and interaction","hsa04514","Cell adhesion molecule (CAM) interaction","67/2156","160/9399",0.41875,1.82552469851577,5.7459313780287,6.05989211407483e-08,1.00998201901247e-06,5.68019962572428e-07,"9369/4267/3133/3696/3107/80381/3106/9071/3135/965/1462/5818/139065/3105/50848/3134/3126/257194/58494/3122/3676/3113/3123/3688/3897/5819/114798/3108/5789/26047/3115/3127/5788/9378/84628/26050/3119/6900/5175/6401/8506/6382/933/4684/5797/1272/3689/3385/4099/4685/23308/3117/3680/9672/9379/64101/23114/5010/7412/6614/24146/958/22854/120425/137075/999/57689",67
"Organismal Systems","Development and regeneration","hsa04360","Axon guidance","74/2156","184/9399",0.402173913043478,1.75326187787368,5.62976266157883,9.34199546875128e-08,1.48622655184679e-06,8.3586275246722e-07,"5058/64218/57522/9423/998/56924/91653/7852/5532/5534/2773/816/818/6608/5291/9901/6586/5063/815/137970/84448/5530/7474/8829/23654/23365/57144/10154/90249/55740/2051/56288/10507/10627/25791/1020/3688/3897/5590/4775/2770/56963/8633/84628/5595/10501/2044/1944/1946/655/2045/1949/1969/4773/2043/5880/57556/6585/64101/59277/3985/6237/9353/23380/6093/1945/2048/22854/7869/10371/1943/9723/4233/57689",74
"Organismal Systems","Nervous system","hsa04723","Retrograde endocannabinoid signaling","63/2156","149/9399",0.422818791946309,1.84326244225573,5.66067057552986,9.77181050009878e-08,1.48701464131938e-06,8.3630597872699e-07,"774/5601/5579/5582/108/10681/775/2773/55970/2558/4714/5567/5602/2785/2555/2776/3760/2563/2562/22999/57030/140679/2787/2775/2783/2915/222236/2565/3763/107/2911/2566/2557/59345/5599/57084/3765/2560/2554/2561/11343/111/2166/2770/57406/3708/23236/5595/776/773/5600/51764/3709/54331/2891/2893/2890/56901/4724/94235/2892/2786/1268",63
"Cellular Processes","Cellular community - eukaryotes","hsa04510","Focal adhesion","79/2156","203/9399",0.389162561576355,1.69653938601863,5.47365061028107,1.81012450172253e-07,2.63976489834535e-06,1.48461965711453e-06,"5601/83660/5058/2316/4660/5579/5582/3913/998/56924/3696/3915/3371/1282/1284/2335/5602/5604/673/5291/2012/1956/5923/5063/894/5649/3678/6464/3911/3676/57144/5599/7791/3679/8395/10000/3912/3691/10627/1278/3688/1291/56034/5829/5228/7422/1277/3672/208/29780/3725/3910/857/5595/53358/595/7410/3381/64098/1292/1311/3690/3680/5880/3479/87/8394/2324/6093/3693/7143/2317/2064/1280/80310/858/1293/3082/4233",79
"Human Diseases","Cardiovascular disease","hsa05414","Dilated cardiomyopathy","48/2156","105/9399",0.457142857142857,1.99289689901935,5.58187781575483,1.97148315022856e-07,2.76007641031998e-06,1.55228357512733e-06,"10368/3696/108/775/7170/5567/6546/6543/2778/6262/782/3678/4842/4000/488/3676/107/785/3679/55799/59283/7042/3691/781/153/3688/10369/111/7040/6641/3672/783/8082/776/784/7169/6444/7168/3690/1837/3680/9254/3479/7171/786/6547/3693/4625",48
"Human Diseases","Infectious disease: viral","hsa05170","Human immunodeficiency virus 1 infection","82/2156","214/9399",0.383177570093458,1.67044804327848,5.41271661434593,2.31251249523152e-07,3.11299758973474e-06,1.75076856926435e-06,"7465/5601/5058/805/983/3133/5579/8945/5582/1111/56924/7852/3107/10681/85363/5532/5534/2773/55970/25939/3106/5602/2785/7097/5604/2776/9133/3135/808/5291/2787/2775/7132/3654/3105/3551/2783/4615/5063/3134/6890/5970/5530/801/59345/841/995/9582/57144/5599/10000/8906/581/27350/891/4792/5829/4775/2770/836/3708/208/3725/5595/811/2185/567/6892/355/5600/4773/684/51764/8905/3709/54331/5880/6923/3985/115004/94235/2786",82
"Organismal Systems","Nervous system","hsa04730","Long-term depression","32/2156","60/9399",0.533333333333333,2.32504638218924,5.6174520519118,2.92551226179221e-07,3.79233070973065e-06,2.13282960216431e-06,"1392/5579/5582/2773/5604/2776/5515/673/2983/2778/2775/2781/4842/4067/2768/2911/2982/2770/3708/23236/5595/1394/773/3709/8605/2891/3479/2890/6261/5516/5519/2892",32
"Human Diseases","Cardiovascular disease","hsa05412","Arrhythmogenic right ventricular cardiomyopathy","41/2156","86/9399",0.476744186046512,2.07834814686974,5.48082930336788,3.77546854164091e-07,4.71933567705113e-06,2.65418277175507e-06,"10368/3696/775/6546/6543/6262/782/3678/4842/4000/488/3676/785/3679/1495/55799/59283/3691/781/3688/10369/6641/3672/783/83439/8082/776/784/88/29119/6444/3690/1837/3680/9254/1496/786/6547/3693/51176/5318",41
"Organismal Systems","Nervous system","hsa04720","Long-term potentiation","34/2156","67/9399",0.507462686567164,2.21226428156066,5.43288111244682,5.92664099012954e-07,7.15284257429428e-06,4.02280168840009e-06,"805/5579/5582/775/5532/5534/2904/5567/816/5604/818/2776/673/2902/808/815/2915/2905/5530/801/107/2911/2903/814/10411/3708/23236/5595/5502/6196/27330/3709/2891/2890",34
"Environmental Information Processing","Signal transduction","hsa04151","PI3K-Akt signaling pathway","123/2156","362/9399",0.339779005524862,1.48125365163645,5.09447033830221,7.04401202321397e-07,8.21801402708297e-06,4.62186052049478e-06,"1978/2149/55844/3913/3696/3915/1017/3371/9223/10681/1977/55970/7157/1282/1284/23035/2335/2785/7097/5604/5515/4170/7533/5522/5291/2787/3551/1956/2783/7534/5521/894/5649/3678/5970/285/1128/3911/5586/9470/7184/3676/59345/3679/10000/3912/672/3691/1278/3688/1291/56034/1019/5228/4609/7422/1277/1435/3672/627/54541/3455/1902/4915/2066/208/9170/9180/3910/5595/5563/55012/3815/595/1944/1946/3574/23533/3381/1021/1292/5934/1388/1311/1969/23566/3690/51764/28227/4515/3680/54331/3479/7010/2254/3566/2065/7039/2263/4193/2324/1945/2323/6009/3693/94235/6850/2261/10110/7143/5516/1943/2064/1280/80310/5519/5294/10018/2786/1293/4804/3082/4233",123
"Organismal Systems","Nervous system","hsa04725","Cholinergic synapse","50/2156","115/9399",0.434782608695652,1.89541824634992,5.27096521600766,7.38289320411784e-07,8.33552458529434e-06,4.68794916526328e-06,"774/5579/5582/108/10681/775/2773/55970/5567/2785/816/5604/818/2776/3760/3786/5291/3785/2787/2775/2783/815/1128/3761/3763/107/59345/814/10000/56479/1141/111/2770/1131/3708/23236/208/5595/3768/776/1139/23533/773/51764/3709/54331/94235/5294/2786/3784",50
"Cellular Processes","Cell motility","hsa04820","Cytoskeleton in muscle cells","86/2156","233/9399",0.369098712446352,1.60907179883268,5.13616989996614,7.78949995798111e-07,8.51976557904184e-06,4.79156740836338e-06,"7431/83660/3696/7170/2006/4811/288/4001/1282/1284/2335/29767/1466/3339/11155/10611/1462/23224/3678/4000/287/3676/1281/27295/6711/7791/23345/3679/3691/9260/478/1278/3688/1291/84823/7138/3930/1290/1277/6712/6641/3672/57731/2026/10529/8082/481/88/171024/9124/6382/633/29766/255631/9172/1292/7169/6444/825/1311/72/7125/7168/3690/1837/3680/9672/7171/23500/4629/2318/2201/1289/57644/3693/91977/22795/114793/8735/5318/2023/4608/4625/1293/9499/8572",86
"Human Diseases","Infectious disease: viral","hsa05163","Human cytomegalovirus infection","84/2156","227/9399",0.370044052863436,1.61319297442645,5.10224057262491,9.24716238165147e-07,9.80759646538792e-06,5.51585124519561e-06,"1978/805/3133/5579/5582/5733/3588/7852/108/3107/10681/5532/5534/2773/55970/7157/3106/5567/2785/5604/2776/3135/808/5291/2778/2787/2775/7132/3105/6774/3551/1956/2783/11214/3134/6890/5970/2768/5530/801/107/23365/59345/841/10000/581/4792/111/5829/1019/4775/4609/7422/2770/836/3708/23236/208/5595/811/595/2185/567/1021/6892/355/1388/5600/4773/3690/51764/6667/3709/54331/5880/4193/115004/6093/6009/6376/94235/1029/6352/2786",84
"Environmental Information Processing","Signaling molecules and interaction","hsa04512","ECM-receptor interaction","41/2156","89/9399",0.460674157303371,2.00829146776177,5.2142171172792,1.17908355556201e-06,1.21376248366678e-05,6.82627321641165e-06,"960/3161/3913/3696/3915/3371/1282/1284/9899/2335/3339/961/5649/3678/3911/3676/3679/3912/3691/1278/3688/1291/9900/22987/1277/3672/3910/6382/3381/1292/1311/80144/341640/3690/3680/3693/7143/948/255743/1280/1293",41
"Human Diseases","Substance dependence","hsa05031","Amphetamine addiction","34/2156","69/9399",0.492753623188406,2.14814067919658,5.22229840453496,1.42668492088564e-06,1.42668492088564e-05,8.02376181069517e-06,"805/5579/5582/6804/775/5532/5534/2904/5567/816/818/2902/116443/808/2778/815/2905/5530/801/5173/1812/2903/814/111/3725/776/84152/1388/2891/2893/2890/23237/2354/2892",34
"Human Diseases","Infectious disease: parasitic","hsa05142","Chagas disease","45/2156","103/9399",0.436893203883495,1.90461930579822,5.03638895424092,2.22782749869684e-06,2.16594340151081e-05,1.21813959724067e-05,"5601/6416/55844/2773/5602/7097/2776/5515/5522/5291/2778/2775/7132/3654/2774/3551/712/4615/5521/5970/5054/107/841/714/5599/713/10000/7042/8837/4792/7040/2770/23236/208/3725/5595/811/355/5600/718/6352/4087/5516/5519/7048",45
"Human Diseases","Infectious disease: viral","hsa05169","Epstein-Barr virus infection","76/2156","205/9399",0.370731707317073,1.61619077786325,4.86656727095205,2.79349573531124e-06,2.64249596583496e-05,1.48615562589816e-05,"960/7431/5601/6416/3133/4734/1017/3107/7157/3106/5602/7097/3135/965/5291/3654/3105/890/6774/3551/3665/4615/894/3134/7979/3126/6890/5970/57506/4067/3122/5717/3113/841/5599/8819/956/3123/10000/581/4792/3108/3280/1019/3115/4940/3127/953/4609/836/3455/208/8900/3725/811/3119/595/567/4938/1021/6892/355/5600/3627/4616/1643/3117/1647/6772/9636/4193/864/958/4939/6850/10018",76
"Human Diseases","Cancer: specific types","hsa05212","Pancreatic cancer","36/2156","77/9399",0.467532467532468,2.0381900103607,4.99057417611367,3.41278194451592e-06,3.14335179100151e-05,1.76783995463844e-05,"5601/675/998/7157/5602/5604/673/9459/5291/6774/3551/1956/5970/5599/10000/7042/581/7040/1019/5888/7422/208/5595/595/1021/5337/4616/1643/5880/1647/6772/7039/1029/4087/2064/7048",36
"Organismal Systems","Endocrine system","hsa04926","Relaxin signaling pathway","53/2156","130/9399",0.407692307692308,1.77731910946197,4.86897377660756,3.77234652039071e-06,3.38543918496602e-05,1.90399136116886e-05,"5601/6416/108/10681/2773/408/55970/1282/1284/5567/5602/2785/5604/5291/2778/2787/2775/59350/1956/2783/4842/5970/6464/1281/107/59345/5599/10000/1278/4792/111/5590/4313/7040/7422/2770/1277/23236/208/3725/5595/53358/1388/5600/51764/4318/54331/59/1910/94235/4087/7048/2786",53
"Human Diseases","Cardiovascular disease","hsa05410","Hypertrophic cardiomyopathy","43/2156","99/9399",0.434343434343434,1.89350368246472,4.87590601419045,4.48060761084211e-06,3.92053165948685e-05,2.20493058744072e-05,"10368/3696/775/7170/6546/6543/6262/782/3678/4842/4000/488/3676/785/3679/55799/59283/7042/3691/781/3688/10369/7040/6641/3672/783/5563/8082/776/784/7169/6444/7168/3690/1837/3680/9254/3479/7171/786/6547/3693/4625",43
"Human Diseases","Infectious disease: parasitic","hsa05145","Toxoplasmosis","47/2156","112/9399",0.419642857142857,1.82941707527167,4.81755982562103,5.19433158103481e-06,4.43418549600533e-05,2.49381259474585e-05,"5601/3913/3588/3915/2773/5602/7097/2775/7132/3654/6774/3551/4615/3126/5970/3911/3122/3113/841/5599/3123/10000/3912/7042/3688/4792/3108/7040/3115/3127/2770/836/8651/208/23643/3910/5595/3119/23533/3310/5600/3117/6772/4261/3949/958/5294",47
"Human Diseases","Infectious disease: bacterial","hsa05152","Tuberculosis","68/2156","181/9399",0.375690607734807,1.63780891563054,4.7270955107111,5.4570812469273e-06,4.54756770577275e-05,2.55757943151731e-05,"5601/805/535/3588/5532/5534/51606/5602/816/7097/818/808/7132/8411/3654/8625/4615/9902/815/3126/5970/3122/5530/972/801/2207/2212/3920/23365/3113/841/23545/5599/3123/10000/7042/581/3108/7040/3115/2215/3127/836/7096/208/9103/5595/1520/929/3119/3329/64127/3689/5600/4046/2213/10892/1594/3117/718/2209/6772/64581/4800/3606/10312/4261/6850",68
"Human Diseases","Infectious disease: viral","hsa05167","Kaposi sarcoma-associated herpesvirus infection","72/2156","196/9399",0.36734693877551,1.60143500814055,4.64231797881481,7.38654456750698e-06,6.01230371773824e-05,3.38135577508887e-05,"5601/6416/805/3133/3107/10681/5532/5534/55970/7157/3106/5602/2785/5604/3091/3135/808/5291/2787/7132/3105/6774/3551/2783/3665/84557/3134/9261/5970/4067/285/5530/801/7098/59345/841/5599/10000/581/4792/1019/4775/3572/4609/7422/836/3455/3708/208/83439/3725/5595/595/23533/1021/355/5600/4773/51764/3709/718/54331/1827/6772/440738/9976/94235/6850/51176/5294/2786/2921",72
"Environmental Information Processing","Signal transduction","hsa04371","Apelin signaling pathway","55/2156","140/9399",0.392857142857143,1.71264577259475,4.63488053979462,9.37095566609473e-06,7.45416927984808e-05,4.19226964009501e-05,"805/108/10681/2773/55970/5567/2785/4208/5604/2776/6546/6543/808/2787/2783/5581/84557/6262/4842/182/5054/801/107/59345/814/10000/111/2770/3708/23236/208/5595/5563/595/4899/23533/3991/10014/4209/51764/3709/5327/54331/59/440738/6547/22808/6237/6261/94235/4087/1490/5294/2786/999",55
"Cellular Processes","Transport and catabolism","hsa04148","Efferocytosis","60/2156","157/9399",0.382165605095541,1.66603642035853,4.59142694027449,1.03904876751971e-05,7.90580583982391e-05,4.4462727580363e-05,"19/1849/1850/816/5604/818/3091/3988/196527/5627/23355/63982/712/51761/815/961/9261/488/121601/10396/834/1844/8754/714/6566/713/1788/9844/4953/7301/140885/7040/4775/23166/114786/836/4035/5595/811/5175/1524/23250/5600/4773/1846/3690/203859/84465/9023/64805/3693/6376/84868/84466/51454/948/5087/286410/9392/100133941",60
"Environmental Information Processing","Signal transduction","hsa04390","Hippo signaling pathway","60/2156","157/9399",0.382165605095541,1.66603642035853,4.59142694027449,1.03904876751971e-05,7.90580583982391e-05,4.4462727580363e-05,"332/55844/8945/8994/84962/25937/7003/7480/1740/5515/7533/5522/55233/1741/7534/5521/894/5054/7474/8324/1742/6788/1495/7005/6657/56288/7042/2736/5590/8463/26524/7040/4609/9231/83439/7004/10413/595/2535/8321/8326/655/29119/6591/7855/3689/268/1496/7477/8312/650/126374/3397/51176/4087/5516/5519/1490/7048/999",60
"Human Diseases","Infectious disease: bacterial","hsa05100","Bacterial invasion of epithelial cells","35/2156","78/9399",0.448717948717949,1.95616883116883,4.62629674137821,1.44333121302314e-05,0.000107482111608106,6.04485860773408e-05,"55752/57180/10163/998/1212/2335/81873/23176/5291/23157/8936/3678/6464/1759/26052/1495/9844/10801/55964/3688/4735/10095/5829/857/3059/53358/26084/1785/29119/653857/867/1496/858/4233/999",35
"Cellular Processes","Transport and catabolism","hsa04145","Phagocytosis","89/2156","259/9399",0.343629343629344,1.4980390541615,4.43427925394785,1.48294887586719e-05,0.000108131688865316,6.08139122340271e-05,"55176/1639/23710/29927/6993/535/3133/114876/3107/8992/534/51606/3106/967/7097/523/6844/529/3135/528/10382/5291/7277/1780/8411/3105/9902/84557/4481/3134/3678/4842/3126/6890/3122/526/1759/2212/3920/26052/3113/23545/3123/5874/3688/3108/525/89849/3115/2215/3127/7096/23480/9103/1520/1535/811/2220/929/3119/1785/4057/51164/3689/84617/1311/3690/2213/4318/3117/718/22879/5880/9140/2209/79659/440738/64581/4353/10312/653361/4689/3693/4069/6850/949/948/4317/290",89
"Human Diseases","Infectious disease: viral","hsa05166","Human T-cell leukemia virus 1 infection","79/2156","224/9399",0.352678571428571,1.53748881857938,4.44194587856794,1.5489760724494e-05,0.0001106411480321,6.22252471639179e-05,"5601/6416/83660/6929/3133/1111/108/1017/3107/5532/5534/7157/3106/5567/5602/5604/9133/1031/3135/5291/7132/3105/890/9700/3551/701/894/3134/3126/5970/3122/2114/5530/6777/8829/107/3113/5599/291/3123/10000/7042/581/4085/991/4792/706/3108/111/7040/1019/4775/3115/3127/4609/2113/9232/208/8900/3725/5595/811/3119/595/23373/567/4214/3689/1388/4773/6688/3117/115650/3601/958/1029/4087/7048/1030",79
"Organismal Systems","Immune system","hsa04666","Fc gamma R-mediated phagosome formation","41/2156","98/9399",0.418367346938776,1.82385653704896,4.4728327968279,2.22704066995195e-05,0.000152836124408467,8.59559556823559e-05,"57180/10163/5058/3636/5579/5582/998/5604/81873/5291/5581/8936/4067/273/2212/8395/274/10000/10095/2215/5788/4651/208/5595/10810/1785/7410/4082/5337/653857/2213/85477/8605/5880/2209/8612/3635/8394/3985/653361/6850",41
"Organismal Systems","Endocrine system","hsa04925","Aldosterone synthesis and secretion","41/2156","98/9399",0.418367346938776,1.82385653704896,4.4728327968279,2.22704066995195e-05,0.000152836124408467,8.59559556823559e-05,"23683/805/5579/5582/108/775/57118/25865/5567/816/57172/818/2776/491/490/5138/808/2778/5581/815/492/801/107/814/5587/478/111/4929/3708/6770/23236/3777/776/51305/481/1388/3991/3709/8913/3949/949",41
"Environmental Information Processing","Signal transduction","hsa04014","Ras signaling pathway","82/2156","238/9399",0.34453781512605,1.50199950109914,4.27959999647646,2.85692444124037e-05,0.000192292991237332,0.000108146734921447,"8437/5601/5058/805/5579/5582/5924/998/56924/10681/55970/2904/5567/5602/2785/5604/2902/808/5291/2787/3551/1956/2783/5923/5063/5970/285/6464/2114/283455/9771/801/59345/57144/4301/2903/5599/10000/9462/56034/5228/7422/2113/1435/627/4915/208/5595/3815/53358/1944/1946/57186/7074/1969/5337/51764/5320/8605/54331/5880/3479/7010/2254/7039/2263/22808/6237/51365/2324/1945/10125/2323/94235/2261/1943/80310/25780/2786/4804/3082/4233",82
"Human Diseases","Infectious disease: bacterial","hsa05120","Epithelial cell signaling in Helicobacter pylori infection","32/2156","71/9399",0.450704225352113,1.96482792861062,4.45212785747545,2.98404551013203e-05,0.000197059609159663,0.000110827509512352,"5601/6416/5058/535/998/8992/534/51606/5602/523/529/528/3551/1956/50848/5970/4067/58494/526/23545/5599/4792/525/836/3725/5803/5600/10312/6352/150084/2921/4233",32
"Organismal Systems","Immune system","hsa04658","Th1 and Th2 cell differentiation","39/2156","93/9399",0.419354838709677,1.82816146986654,4.37882740340918,3.28539319439796e-05,0.000212942151488757,0.000119759946852323,"5601/84441/4853/5532/5534/5602/3551/3126/182/5970/3122/5530/6777/3113/5599/3123/5588/4792/3108/6775/3595/4775/3115/3127/4094/4851/3725/5595/3119/3714/5600/4773/3594/3117/6772/3566/864/10683/2625",39
"Human Diseases","Substance dependence","hsa05030","Cocaine addiction","24/2156","49/9399",0.489795918367347,2.13524667752073,4.34675667912604,5.65766179113501e-05,0.000355348598563126,0.000199850189267081,"2773/2913/2904/5567/2902/116443/2778/2912/8851/5970/2905/5173/1812/1742/2903/1020/111/2770/627/3725/84152/1388/2891/2354",24
"Organismal Systems","Digestive system","hsa04971","Gastric acid secretion","33/2156","76/9399",0.434210526315789,1.89292427497315,4.26409075899442,5.68557757701002e-05,0.000355348598563126,0.000199850189267081,"6750/887/805/5579/5582/108/2773/5567/816/818/2776/808/2778/815/3274/6752/801/107/6522/478/111/2770/1131/3708/23236/481/3758/54207/3709/7430/115111/3766/3784",33
"Environmental Information Processing","Signaling molecules and interaction","hsa04519","Cadherin signaling","126/2156","404/9399",0.311881188118812,1.35963417770348,4.0311959846061,5.98970748291613e-05,0.000367789055968534,0.000206846777341702,"7431/57180/5601/8994/84962/998/1006/25937/7003/7480/2558/26999/5602/2555/5604/81873/1452/7533/6327/51474/2563/55233/2562/55800/56137/1007/3551/1956/56127/7534/8936/1016/5970/4041/2565/57717/9708/7474/1009/57216/1010/2566/8324/2557/4301/5599/6788/1495/5099/2560/7005/2554/55740/2561/5098/56123/5101/4792/10095/8463/26524/9752/56111/64405/56125/144165/81839/83439/7004/5595/10413/27328/3872/2535/2185/8321/6324/7410/56128/8326/28513/51107/29119/7855/56130/57575/84152/1012/56134/9620/5600/653857/64881/5097/4642/56106/5880/56129/87/56132/51294/23500/1496/7477/22808/56124/6237/57526/2324/1008/8312/6093/126374/3875/154810/51176/4647/2064/5318/5100/54510/3855/56099/1015/4233/999",126
"Cellular Processes","Transport and catabolism","hsa04144","Endocytosis","84/2156","250/9399",0.336,1.46477922077922,4.06361682714208,6.38881579050235e-05,0.0003855319873579,0.000216825508679481,"57180/2060/9922/23325/6457/11031/93343/3133/161/22841/998/56904/4734/7852/30845/3107/1212/23362/377/408/84440/3106/3800/81873/10193/3135/9829/64750/8411/3105/1956/23327/3134/1601/868/273/157/100287171/1759/116988/26052/3798/8395/274/56288/116987/440073/5590/5662/10095/27131/6456/83737/116986/254122/857/30011/1785/55680/51100/64411/3310/9266/5337/155382/653857/30846/23096/5371/30844/867/8394/2263/4193/55737/3949/2261/7037/4087/9265/858/7048/89853/131890",84
"Environmental Information Processing","Signal transduction","hsa04012","ErbB signaling pathway","36/2156","86/9399",0.418604651162791,1.82489105578807,4.19260429368125,6.82180567522853e-05,0.000404683387513557,0.000227596371323414,"1978/5601/6416/5058/5579/5582/56924/5602/816/5604/818/673/5291/1956/5063/815/6464/868/6777/57144/5599/10000/10718/4609/2066/208/3725/5595/53358/867/2065/7039/3084/9542/2064/685",36
"Organismal Systems","Development and regeneration","hsa04380","Osteoclast differentiation","53/2156","142/9399",0.373239436619718,1.62712312838067,4.10813507047892,7.03885445097907e-05,0.000410285708603648,0.000230747150402653,"5601/5532/5534/1540/5602/5604/5291/7132/3551/5970/488/5530/2212/5599/814/10000/7042/4792/140885/7040/2215/7305/1435/11025/8651/3455/3708/208/9103/3725/5595/1535/54209/126014/3727/4982/5600/4773/3690/2213/6688/3709/2209/6772/9021/2355/653361/4689/10859/2354/6850/10288/7048",53
"Environmental Information Processing","Signal transduction","hsa04022","cGMP-PKG signaling pathway","60/2156","166/9399",0.36144578313253,1.57570914455596,4.08289874903875,7.15069377852072e-05,0.000410285708603648,0.000230747150402653,"805/108/3778/775/5532/5534/2773/4208/5604/2776/6546/6543/491/490/5138/808/2983/4985/5581/488/2768/1909/5530/492/801/107/291/10000/153/478/2982/147/111/4775/2770/10242/8471/3708/23236/208/5595/776/481/23533/2969/1258/1388/4773/4209/27345/3709/150/1910/6547/4880/6093/148/5294/10335/4625",60
"Human Diseases","Infectious disease: parasitic","hsa05140","Leishmaniasis","33/2156","78/9399",0.423076923076923,1.84438775510204,4.08545875220908,0.000105583816080541,0.000596037671422407,0.000335215171596963,"5579/7097/3654/4615/3126/5970/3122/3676/2212/3113/3123/7042/3688/4792/3108/7040/3115/2215/3127/9103/3725/5595/1535/3119/1917/3689/5600/3117/718/2209/6772/653361/4689",33
"Organismal Systems","Immune system","hsa04625","C-type lectin receptor signaling pathway","41/2156","105/9399",0.39047619047619,1.70226610124569,3.94800666128738,0.000145094328092996,0.000802259761871217,0.000451195715699,"5601/5058/805/5532/5534/1540/5602/808/5291/3551/9261/5970/868/5530/834/801/2207/23365/841/5599/10000/1960/4792/602/4775/3708/208/3725/5595/29108/5600/4773/4046/10892/3709/6772/64581/22808/4193/6237/6850",41
"Environmental Information Processing","Signal transduction","hsa04072","Phospholipase D signaling pathway","54/2156","149/9399",0.36241610738255,1.5799392362192,3.8930287957325,0.000148763279102426,0.000802259761871217,0.000451195715699,"2149/108/8525/2913/5604/56894/11069/5291/2778/2917/1956/2912/2915/6464/2768/1759/107/2911/2207/26052/8526/8395/10000/56034/111/10411/1609/1902/23236/208/9170/5595/3815/53358/2185/56895/1785/23533/1608/10555/1607/9266/5337/23566/8605/8612/8394/22808/6237/6009/6850/80310/9265/5294",54
"Human Diseases","Cancer: specific types","hsa05214","Glioma","32/2156","76/9399",0.421052631578947,1.83556293330729,3.99016611188116,0.000148991098633226,0.000802259761871217,0.000451195715699,"805/5579/5582/7157/57118/816/57172/5604/818/673/808/5291/1956/815/6464/801/814/10000/581/1019/208/5595/53358/595/1021/4616/1643/3479/1647/7039/4193/1029",32
"Human Diseases","Endocrine and metabolic disease","hsa04940","Type I diabetes mellitus","21/2156","44/9399",0.477272727272727,2.08065230224321,3.91988459658838,0.00025890003828666,0.00137295474848987,0.000772158008925128,"3133/3107/3106/2572/5798/3135/3105/3134/3126/5799/3122/3113/3123/3108/3115/3127/3119/2571/355/3329/3117",21
"Human Diseases","Endocrine and metabolic disease","hsa04930","Type II diabetes mellitus","22/2156","47/9399",0.468085106382979,2.04059921841077,3.90178227293464,0.000263908381140492,0.00137862587162944,0.000775347482690842,"774/5601/775/5602/5291/777/3551/5581/3098/5599/5590/8471/8651/5595/776/6833/773/3099/8835/8913/122809/9021",22
"Cellular Processes","Cell growth and death","hsa04115","p53 signaling pathway","31/2156","75/9399",0.413333333333333,1.80191094619666,3.80398238302953,0.000280415433353557,0.00144331473049625,0.000811728886023455,"6241/983/1111/1017/7157/9133/51512/894/8795/5054/55240/3486/841/9540/581/891/1019/836/595/1021/64393/355/4616/1643/3479/1647/4193/56475/84883/5268/1029",31
"Cellular Processes","Cellular community - eukaryotes","hsa04530","Tight junction","59/2156","170/9399",0.347058823529412,1.51298974135109,3.6824653916897,0.000291182457391442,0.00147701246502906,0.000830680694617845,"57180/5601/55844/5872/998/4734/9693/9223/5111/8531/5567/5602/1740/81873/5515/9071/5522/7277/1741/11346/5581/23327/50848/5521/4478/58494/91862/4301/5599/54566/56288/5962/10627/3688/5590/10095/1019/861/3725/5563/776/3059/595/7074/4214/653857/87/7430/4629/5010/6093/24146/79778/154810/5516/2064/150084/5519/137075",59
"Organismal Systems","Endocrine system","hsa04924","Renin secretion","29/2156","69/9399",0.420289855072464,1.83223763813826,3.78541878063641,0.000311143557805233,0.00154419788779215,0.000868466180502651,"805/5136/3778/775/5532/5534/2773/5567/2776/808/2983/2778/1909/5530/801/116/5137/153/2982/111/2770/3708/23236/22802/776/5153/358/3709/1908",29
"Organismal Systems","Nervous system","hsa04726","Serotonergic synapse","43/2156","115/9399",0.373913043478261,1.63005969186093,3.70890668505504,0.00031325157152355,0.00154419788779215,0.000868466180502651,"774/5579/5582/3356/3358/10681/775/2773/55970/5567/2785/5604/2776/673/260293/3760/2562/2778/2787/2775/2783/3763/59345/3765/2560/2561/111/2770/10411/836/3361/3708/23236/5595/776/773/51764/3709/8605/54331/1558/94235/2786",43
"Human Diseases","Drug resistance: antineoplastic","hsa01522","Endocrine resistance","38/2156","99/9399",0.383838383838384,1.6733288356665,3.67439797259454,0.00037521009113294,0.00182393794300735,0.00102579367020263,"5601/4853/8202/108/7157/5567/5602/5604/1031/673/5469/5291/2778/1956/182/6464/107/5599/10000/581/111/4313/1019/4851/208/3725/5595/53358/595/3714/5600/6667/4318/3479/4193/10683/1029/2064",38
"Organismal Systems","Endocrine system","hsa04911","Insulin secretion","34/2156","86/9399",0.395348837209302,1.7235082193554,3.6773142898066,0.000396509963605625,0.00190107516797218,0.00106917610950616,"27445/5579/5582/6804/108/3778/775/5567/5864/816/818/2776/6844/11069/2778/815/6262/9699/107/116/885/478/6616/111/10242/1131/23236/776/6833/481/1388/27345/3780/886",34
"Human Diseases","Cardiovascular disease","hsa05416","Viral myocarditis","29/2156","70/9399",0.414285714285714,1.80606281473628,3.69303323650595,0.000416328410585542,0.00196912086087756,0.00110744541649355,"3133/3107/3106/3135/3105/3134/4842/3126/3122/3113/841/3123/3108/3115/3127/6641/836/857/8082/3119/595/1604/3689/6444/1837/3117/5880/958/4625",29
"Organismal Systems","Endocrine system","hsa04912","GnRH signaling pathway","36/2156","93/9399",0.387096774193548,1.68753366449219,3.63527085041749,0.000438197141499003,0.00204491999366202,0.00115007530470616,"5601/6416/805/5598/5579/998/108/775/5567/5602/816/5604/818/2776/808/2778/1956/815/4323/801/107/5599/111/4313/3708/23236/3725/5595/776/2185/4214/5600/5337/3709/8605/2798",36
"Human Diseases","Infectious disease: viral","hsa05168","Herpes simplex virus 1 infection","61/2156","180/9399",0.338888888888889,1.47737322201608,3.5280542529586,0.000477313623848872,0.00219815484667244,0.00123625550775262,"1978/3133/6672/56829/3107/7157/3106/7097/3135/5291/7132/5818/3654/3105/3551/3665/4615/6428/3134/3678/3126/6890/6429/5970/57506/3122/972/7098/3113/841/3123/10000/581/5819/4792/3108/3115/4940/3127/836/3455/208/811/3119/567/64135/4938/6892/355/3690/684/5371/3117/718/6772/115004/9021/6009/4939/6850/6352",61
"Human Diseases","Cancer: specific types","hsa05221","Acute myeloid leukemia","28/2156","68/9399",0.411764705882353,1.79507257448434,3.5898804886786,0.000585173481350858,0.00265987946068572,0.0014959322079646,"1978/5604/673/5291/890/6774/3551/5970/6777/10000/862/861/4609/208/83439/8900/5595/3815/929/595/5914/6688/5371/2209/1848/4353/597/51176",28
"Human Diseases","Endocrine and metabolic disease","hsa04933","AGE-RAGE signaling pathway in diabetic complications","38/2156","101/9399",0.376237623762376,1.64019361119785,3.52906865901951,0.000593821320084032,0.00266458284653091,0.00149857742045498,"5601/5579/998/1282/1284/2335/5602/5291/6774/5581/5970/5054/1281/6777/5599/10000/7042/581/1278/5590/4313/7040/1019/7422/1277/836/50507/23236/208/3725/5595/595/6401/5600/6772/7412/4087/7048",38
"Human Diseases","Infectious disease: bacterial","hsa05133","Pertussis","31/2156","78/9399",0.397435897435897,1.73260667903525,3.54462076303996,0.000632513946941662,0.00280227698012129,0.0015760174294216,"5601/805/2773/5602/808/3654/712/4615/3678/5970/834/801/715/714/5599/713/3688/2770/836/716/710/23643/3725/5595/929/29108/3689/5600/718/717/720",31
"Environmental Information Processing","Signal transduction","hsa04340","Hedgehog signaling pathway","24/2156","56/9399",0.428571428571429,1.86834084283064,3.55569027429992,0.000714621339174665,0.00312646835888916,0.00175834461086398,"11127/8945/91653/408/5567/1452/64750/6608/23432/894/157/84976/53944/64399/132884/2736/8452/595/2619/2121/57467/2737/4036/57758",24
"Environmental Information Processing","Signal transduction","hsa04068","FoxO signaling pathway","47/2156","133/9399",0.353383458646617,1.54056174759719,3.42537275053617,0.00074026790504013,0.00319868847856846,0.00179896164057835,"5601/23710/51701/1017/5602/5604/9133/1032/673/5291/6774/3551/1956/894/2911/604/10769/5599/10000/9456/9454/7042/6648/891/114907/7040/847/8471/208/116986/5595/5563/5347/595/5934/5600/4616/3479/1647/9140/4193/11067/10110/10733/10018/7048/1030",47
"Organismal Systems","Immune system","hsa04670","Leukocyte transendothelial migration","42/2156","116/9399",0.362068965517241,1.57842588446037,3.41991565091678,0.000792284684386604,0.00338170292116234,0.0019018900639319,"4267/5579/5582/998/7852/2773/9071/11069/5291/50848/4478/58494/3676/4301/1495/10627/3688/4313/5829/7070/2770/10411/1535/5175/2185/7410/29119/3689/5600/399/4318/5880/87/1496/7430/5010/6093/653361/7412/4689/24146/137075",42
"Environmental Information Processing","Signal transduction","hsa04350","TGF-beta signaling pathway","40/2156","110/9399",0.363636363636364,1.58525889694721,3.36854801078296,0.000947694053869944,0.00395958869690722,0.00222689650021549,"4090/130399/7050/3399/5933/5515/64750/3077/60436/2014/64388/3400/7042/1875/7040/4609/56963/4681/5595/26585/7018/655/3625/7044/268/6667/4838/7027/4052/650/6093/3397/2331/7037/4093/4087/5516/5519/7048/1030",40
"Cellular Processes","Cell motility","hsa04810","Regulation of actin cytoskeleton","74/2156","232/9399",0.318965517241379,1.39051804107223,3.28589994329869,0.000960638525558091,0.00395958869690722,0.00222689650021549,"57180/2149/10163/5058/4660/998/56924/7852/3696/10788/55970/51571/2335/26999/5604/81873/81553/673/8874/9459/5291/1956/5063/8936/3678/4478/1128/2768/10458/3676/8826/23365/57144/3679/8395/10000/55740/5962/3691/10627/3688/56034/10095/5829/5305/3672/1131/1902/208/9170/5595/50649/7074/7410/3689/653857/3690/85477/3680/5880/87/2254/7430/4629/8394/2263/22808/3985/6237/6093/3693/221178/2261/80310",74
"Cellular Processes","Cell growth and death","hsa04114","Oocyte meiosis","48/2156","138/9399",0.347826086956522,1.51633459707994,3.33368593771333,0.000972927508382916,0.00395958869690722,0.00222689650021549,"805/983/8945/108/1017/5532/5534/9748/5567/816/5604/818/5515/9133/7533/6790/808/699/22849/9700/815/7534/26271/367/64506/151648/5530/801/107/995/441273/4085/991/8243/891/111/9232/3708/9126/5595/5347/6196/27330/5600/3709/3479/5516/5519",48
"Human Diseases","Infectious disease: bacterial","hsa05135","Yersinia infection","48/2156","138/9399",0.347826086956522,1.51633459707994,3.33368593771333,0.000972927508382916,0.00395958869690722,0.00222689650021549,"57180/5601/6416/10163/998/2335/5602/5604/2776/81873/8874/5291/3654/3551/4615/3678/5970/5586/10458/3676/834/2212/23365/5599/8395/9844/10000/2533/3688/4792/10095/5829/4775/208/3725/5595/6196/2185/7410/29108/27330/5600/4773/653857/5880/8394/3606/6093",48
"Human Diseases","Cancer: overview","hsa05202","Transcriptional misregulation in cancer","65/2156","201/9399",0.323383084577114,1.40977625785728,3.20391491487071,0.00129055970607157,0.00519190686350631,0.00291995964955092,"6929/3020/7157/4208/1031/890/6495/6760/894/5970/5090/5328/3486/604/9915/7468/6935/581/8148/64919/862/4094/861/4609/8900/2118/2115/26471/929/7102/5914/84444/8351/51804/8938/85414/3206/6688/6667/4005/4616/1643/5371/4318/5327/3479/1647/2209/1848/3205/221037/4353/4193/8357/8355/597/958/2892/5077/5087/7048/4804/3207/7490/4233",65
"Organismal Systems","Digestive system","hsa04979","Cholesterol metabolism","22/2156","52/9399",0.423076923076923,1.84438775510204,3.33112042389798,0.00144344449913468,0.0057409724397402,0.00322875743227494,"19/4023/5360/6646/9218/3988/341/57552/706/10577/4035/6770/3931/9388/4036/29116/350/3949/949/948/9217/51129",22
"Human Diseases","Substance dependence","hsa05034","Alcoholism","62/2156","191/9399",0.324607329842932,1.41511330853141,3.16215782053177,0.00148670044369885,0.00584657477859099,0.00328814882284666,"805/1392/3020/4852/8362/10681/8520/2773/55970/10645/2904/5567/2785/5604/673/84254/94239/2902/116443/808/2778/2787/2775/79885/2783/2905/6464/8363/801/5173/1812/59345/2903/814/8969/111/5569/10013/2770/627/4915/8344/5595/51564/53358/8346/8351/84152/1388/8345/10014/54145/51764/8336/54331/8337/8357/8355/2354/94235/9734/2786",62
"Organismal Systems","Immune system","hsa04659","Th17 cell differentiation","39/2156","109/9399",0.357798165137615,1.55980749263842,3.20720673228523,0.00154680768703815,0.0060153632273706,0.00338307646170918,"5601/5532/5534/5602/3091/6774/3551/3126/5970/3122/5530/6777/3113/5599/3123/5588/4792/3108/7040/4775/3115/3127/861/3572/3725/5595/3119/5914/5600/3556/4773/3594/3117/6772/3566/6095/2625/4087/7048",39
"Organismal Systems","Nervous system","hsa04722","Neurotrophin signaling pathway","42/2156","120/9399",0.35,1.52581168831169,3.16266452718379,0.00170829555814559,0.0065703675313292,0.00369521422062725,"5601/805/5598/998/398/7157/5602/816/5604/818/673/808/5291/3654/3551/815/9261/5970/6464/801/5599/814/10000/581/4145/4792/397/9252/627/4915/208/3725/5595/53358/6196/4214/27330/5600/4916/10818/5607/4804",42
"Cellular Processes","Cellular community - eukaryotes","hsa04540","Gap junction","33/2156","89/9399",0.370786516853933,1.6164297179546,3.18776711866203,0.00175883183022659,0.00669120804977509,0.00376317565506148,"5598/983/5579/5582/3356/108/3358/2773/5567/5604/2776/10382/2983/2778/7277/1956/2915/107/2911/1812/153/2982/56034/111/2770/3708/1902/23236/5595/84617/3709/5607/80310",33
"Human Diseases","Immune disease","hsa05321","Inflammatory bowel disease","26/2156","66/9399",0.393939393939394,1.71736380502614,3.19068294694245,0.0019528511230165,0.00730106703156738,0.00410616401474616,"7097/6774/3126/5970/3122/3113/3123/7042/3108/7040/6775/3595/3115/3127/4094/3725/3119/64127/3594/3117/6772/3566/3606/6095/2625/4087",26
"Organismal Systems","Immune system","hsa04062","Chemokine signaling pathway","62/2156","193/9399",0.321243523316062,1.4004489219145,3.06671313997247,0.00197221029777686,0.00730106703156738,0.00410616401474616,"5058/5579/998/7852/108/10681/2773/408/55970/5567/2785/5604/2776/673/5291/2787/6774/3551/2783/58191/5970/4067/6464/157/6777/107/59345/9844/10000/56288/4792/111/5590/5829/2770/23236/208/5595/53358/2185/23533/7074/7410/1524/3627/51764/54331/5880/6772/56477/6093/653361/6376/94235/1794/6352/5294/6373/2786/131890/2921/9547",62
"Cellular Processes","Cellular community - eukaryotes","hsa04520","Adherens junction","34/2156","93/9399",0.365591397849462,1.59378179424262,3.13956648175637,0.00199073534458112,0.00730106703156738,0.00410616401474616,"10163/998/51701/64750/5818/1956/8936/117178/10458/8826/4301/1495/56288/10627/5819/4008/83439/5595/55698/10810/29119/5797/6591/9411/5880/87/1496/6093/52/51176/2064/7048/4233/999",34
"Environmental Information Processing","Signaling molecules and interaction","hsa04080","Neuroactive ligand-receptor interaction","109/2156","371/9399",0.293800539083558,1.28081227590276,3.01085697005747,0.00200257838580134,0.00730106703156738,0.00410616401474616,"6750/2149/887/1392/5646/4852/5733/3356/3358/2913/2904/2558/84539/2555/2550/7432/2563/2902/2562/116443/2917/7068/4985/59350/2912/6751/3274/6752/11255/2915/2905/1128/23620/2565/4828/1909/116/5173/2911/1812/66004/6866/2566/2557/7433/2903/6863/2922/2560/5026/1903/10888/2554/1141/2561/2743/4886/153/885/147/706/4986/9568/3361/2359/1131/1902/53637/9170/1394/79957/5368/80763/728/5645/5746/1139/5021/10203/5179/23566/3269/718/2891/150/1910/2893/344838/2894/2890/133/2587/148/22953/2357/5028/7067/1908/2151/2892/53829/886/2742/8001/7200/1268/2798/2150/4922",109
"Human Diseases","Drug resistance: antineoplastic","hsa01521","EGFR tyrosine kinase inhibitor resistance","30/2156","80/9399",0.375,1.63479823747681,3.11084881977988,0.00227874201074205,0.00822226498721359,0.00462425128604193,"1978/5579/5582/1977/5604/673/5291/6774/1956/6464/9470/10000/581/56034/7422/208/5595/53358/3479/2065/7039/2263/3084/9542/2261/2064/80310/10018/3082/4233",30
"Human Diseases","Cancer: specific types","hsa05219","Bladder cancer","18/2156","41/9399",0.439024390243902,1.91391013168017,3.19953419396422,0.00232937868830097,0.00831920960107489,0.00467877352000302,"7157/5604/673/1956/4313/1019/4609/7422/9252/5595/1890/595/4318/4193/2261/1029/2064/999",18
"Environmental Information Processing","Signal transduction","hsa04392","Hippo signaling pathway - multiple species","14/2156","29/9399",0.482758620689655,2.10456784594716,3.25015786808983,0.00239151363644968,0.00845484618946858,0.00475505635317481,"5058/8994/84962/25937/7003/55233/83937/6788/7005/8463/26524/7004/10413/126374",14
"Organismal Systems","Endocrine system","hsa04935","Growth hormone synthesis, secretion and action","42/2156","122/9399",0.344262295081967,1.50079838194592,3.03753933126679,0.00244318627759767,0.00855115197159185,0.00480921930432384,"6750/5601/6416/5579/5582/108/775/2773/5567/5602/5604/2776/5291/2778/6774/6751/6752/6464/3486/6777/107/5599/10000/112609/111/2770/8471/8651/3708/23236/208/5595/776/53358/4214/1388/5600/8835/3709/3479/6772/9021",42
"Human Diseases","Cancer: specific types","hsa05220","Chronic myeloid leukemia","29/2156","77/9399",0.376623376623377,1.64187528612389,3.08549128314436,0.00248125972865874,0.00859842480228275,0.00483580582865225,"7157/5604/673/5291/3551/5970/6464/6777/10000/7042/581/4792/7040/1019/861/4609/208/5595/53358/595/1021/4616/1643/1647/867/4193/1029/2122/7048",29
"Environmental Information Processing","Signal transduction","hsa04668","TNF signaling pathway","41/2156","119/9399",0.34453781512605,1.50199950109914,3.00666909873045,0.00268739104780781,0.00922143986992874,0.00518619325015541,"5601/6416/10059/9530/1540/5602/5604/5291/7132/3551/182/5970/4323/841/5599/10000/8837/4792/602/9252/1435/836/83737/208/3725/5595/6401/355/64127/1388/5600/3627/4318/9021/7412/6376/64285/257397/6352/3976/2921",41
"Human Diseases","Endocrine and metabolic disease","hsa04934","Cushing syndrome","51/2156","155/9399",0.329032258064516,1.43440361481836,2.97517261010748,0.00272716114367912,0.00922845476248197,0.00519013846792219,"1392/108/1017/775/2773/7480/5567/816/5604/818/2776/1031/673/2778/3739/1956/815/7474/107/8324/57552/111/1019/2770/3708/6770/23236/3777/83439/5595/1394/776/595/2535/8321/1021/8326/7855/1388/6667/3709/7477/8913/8312/50940/3949/51176/1029/949/5087/1030",51
"Human Diseases","Infectious disease: bacterial","hsa05110","Vibrio cholerae infection","21/2156","51/9399",0.411764705882353,1.79507257448434,3.10609951075124,0.0027421694151375,0.00922845476248197,0.00519013846792219,"55176/29927/535/9601/8992/534/51606/5567/523/529/11014/528/2778/526/23545/10945/525/23480/11015/10312/3784",21
"Organismal Systems","Circulatory system","hsa04270","Vascular smooth muscle contraction","45/2156","134/9399",0.335820895522388,1.46399842162102,2.95140661668077,0.00303528144536208,0.0101176048178736,0.00569020180734546,"805/4660/800/5579/5582/108/3778/775/5567/5604/2776/673/808/2983/2778/5581/2768/1909/801/107/23365/2982/147/5588/111/10242/3708/23236/5595/776/72/94274/10203/27345/3709/5320/8605/59/4629/4880/133/6093/148/1908/10335",45
"Organismal Systems","Endocrine system","hsa04910","Insulin signaling pathway","46/2156","138/9399",0.333333333333333,1.45315398886827,2.92576381449602,0.00323540295144829,0.01068293427365,0.00600814649375204,"1978/5601/805/3636/5836/89801/1977/5567/5602/5604/9322/673/90673/808/5291/3551/3632/79660/6464/868/9470/5575/801/3098/23433/5599/10000/5577/5590/8471/8651/208/5595/5563/53358/3991/3099/5576/5837/8835/867/122809/5255/9021/6009/5509",46
"Human Diseases","Immune disease","hsa05330","Allograft rejection","17/2156","39/9399",0.435897435897436,1.90027829313544,3.07364718069114,0.00334809009855381,0.0109516965840545,0.00615930003373893,"3133/3107/3106/3135/3105/3134/3126/3122/3113/3123/3108/3115/3127/3119/355/3117/958",17
"Human Diseases","Cardiovascular disease","hsa05417","Lipid and atherosclerosis","67/2156","216/9399",0.310185185185185,1.35224051741909,2.85730597805096,0.0035119309874362,0.0113812578296544,0.00640088786209132,"5601/839/6416/19/805/998/5532/5534/7157/5602/816/7097/818/808/5291/7132/3654/6774/3551/3665/4615/815/5970/4067/8795/7184/5530/834/801/841/5599/10000/581/6648/4792/4775/836/3708/23236/208/23643/3725/5595/1535/929/6401/7410/9619/29108/355/3329/4780/3310/5600/4773/3306/4318/3606/1558/653361/7412/3949/4689/958/6352/948/2921",67
"Organismal Systems","Digestive system","hsa04970","Salivary secretion","33/2156","93/9399",0.354838709677419,1.54690585911784,2.89171429742581,0.00397827873033866,0.0127742895010875,0.00718433725324317,"805/5579/5582/108/3778/5567/2776/6844/491/490/808/2983/2778/4842/492/801/107/6522/153/478/1471/2982/147/111/1131/3708/23236/481/55503/3709/5554/148/4069",33
"Human Diseases","Cancer: specific types","hsa05223","Non-small cell lung cancer","27/2156","73/9399",0.36986301369863,1.61240374107302,2.86572436105086,0.0045991056818402,0.0146335180785824,0.00822997858855614,"5579/5582/7157/5604/3800/673/5291/6774/1956/6777/27436/3798/10000/581/1019/208/5595/595/1021/4616/1643/1647/7039/1029/2064/3082/4233",27
"Organismal Systems","Excretory system","hsa04961","Endocrine and other factor-regulated calcium reabsorption","21/2156","53/9399",0.39622641509434,1.72733398676795,2.89695523372021,0.00472504250294018,0.0148987826669285,0.00837916498861842,"5579/161/5582/1212/5567/2776/6546/6543/491/490/2778/492/1759/26052/478/793/23236/481/9365/1785/6547",21
"Human Diseases","Cancer: specific types","hsa05216","Thyroid cancer","16/2156","37/9399",0.432432432432432,1.8851727423156,2.94325189015622,0.00481208204675534,0.0150377563961104,0.00845732464984256,"7170/7157/5604/673/7175/8030/581/4609/83439/5595/595/4616/1643/1647/51176/999",16
"Human Diseases","Cancer: specific types","hsa05224","Breast cancer","48/2156","148/9399",0.324324324324324,1.4138795567367,2.76881123488528,0.00489044059801074,0.0151473823832191,0.00851897896439691,"4853/675/8202/7157/7480/5604/1452/673/5291/1956/182/4041/6464/7474/23462/8324/10000/672/581/3280/1019/4609/4851/208/83439/3725/5595/3815/53358/595/2535/3714/8321/1021/8326/7855/6667/4616/1643/3479/1647/2254/7477/2324/8312/10683/51176/2064",48
"Human Diseases","Infectious disease: viral","hsa05161","Hepatitis B","52/2156","163/9399",0.319018404907975,1.39074860284326,2.74556752891108,0.00508985587671778,0.0156267504986949,0.00878857847595776,"332/5601/6416/5579/5582/1017/5111/7157/5602/7097/5604/3339/673/5291/3654/890/6774/3551/3665/4615/7534/5970/57506/6777/7098/841/5599/10000/7042/581/1960/4792/7040/6775/4775/4609/836/208/8900/3725/5595/2185/64135/4214/355/1388/5600/4773/1643/4318/6772/7048",52
"Cellular Processes","Cell motility","hsa04814","Motor proteins","60/2156","194/9399",0.309278350515464,1.34828720616644,2.67429520786562,0.00593172639118113,0.018053080320986,0.0101531609624794,"1639/10112/6993/9928/3831/11127/4649/7802/7170/81930/24137/3797/4644/3800/11004/10382/7277/1780/22920/57576/9493/146909/3832/56992/3798/23095/10627/10126/7138/92558/4651/27175/1062/547/90990/23046/4650/3833/8632/7169/51164/84617/72/7125/7168/4642/59/7171/79659/1770/4629/79819/126820/57644/4646/8735/4647/347240/23026/4625",60
"Human Diseases","Cancer: overview","hsa05231","Choline metabolism in cancer","34/2156","99/9399",0.343434343434343,1.49718895822792,2.71319153931782,0.00627136421254559,0.0189222196068186,0.0106419701247371,"1978/5601/10163/5579/5582/8525/5602/5604/3091/5291/1956/8936/10434/8526/5599/8395/10000/56034/1609/208/3725/5595/10810/1608/1607/5337/6667/8605/5880/8612/8394/5130/6009/80310",34
"Environmental Information Processing","Signal transduction","hsa04066","HIF-1 signaling pathway","37/2156","110/9399",0.336363636363636,1.46636447967617,2.68423282158954,0.00657756836755106,0.0196764865695972,0.0110661744015479,"1978/5579/5582/1977/816/5604/818/3091/5291/6774/1956/815/5970/5054/285/9470/3098/10000/7076/7422/2026/208/5595/7018/8453/3162/3099/5163/5230/3479/7010/230/6923/7037/54583/2064/2023",37
"Genetic Information Processing","Information processing in viruses","hsa03273","Virion - Lassa virus and SFTS virus","9/2156","17/9399",0.529411764705882,2.30795045290844,2.94476671077758,0.00681385670292692,0.0202105919154612,0.0113665584607255,"8828/3920/5099/5101/27328/64881/5097/4629/7037",9
"Organismal Systems","Immune system","hsa04612","Antigen processing and presentation","29/2156","82/9399",0.353658536585366,1.54176093940902,2.6881866745076,0.00703957437178719,0.0207046305052564,0.0116444087352871,"3133/3107/3106/3135/3105/8625/3134/3126/6890/3122/972/5721/3113/3123/10437/3108/3115/3127/1520/811/3119/567/6892/3824/3310/3306/3117/4800/4261",29
"Environmental Information Processing","Signal transduction","hsa04071","Sphingolipid signaling pathway","41/2156","125/9399",0.328,1.42990352504638,2.63982612725034,0.00715036324802676,0.0208552261400781,0.0117291046261492,"5601/55844/5579/5582/2773/7157/5602/5604/2776/5515/5522/5291/7132/4985/5581/5521/5970/130367/2768/253782/2207/5599/10000/1903/581/5590/2770/171546/91012/23236/208/53637/5595/55012/5600/5337/28227/5880/6093/5516/5519",41
"Environmental Information Processing","Signaling molecules and interaction","hsa04081","Hormone signaling","66/2156","219/9399",0.301369863013699,1.31381045568912,2.56360424675715,0.00775116939960193,0.0224207379327329,0.0126095578749505,"4090/6750/887/1392/108/10681/2773/55970/84539/5567/2785/2776/7432/11069/5291/2778/7068/2787/2775/4985/6774/2783/6751/6752/4842/2768/6777/107/5173/1812/59345/7433/153/885/147/111/4986/2770/10411/8471/23236/1394/5368/30061/7066/5021/268/5179/3690/51764/54331/3479/150/4880/148/53919/4352/7067/94235/4093/1734/886/2786/7200/2798/117247",66
"Organismal Systems","Endocrine system","hsa04928","Parathyroid hormone synthesis, secretion and action","38/2156","115/9399",0.330434782608696,1.44051786722594,2.59315059151745,0.00821402798299055,0.0235648343774319,0.0132530045972324,"5579/5582/108/65268/2773/408/5567/4208/5604/2776/673/2778/1956/11214/4041/2768/4323/107/9935/111/4929/2770/5141/3708/23236/5595/4326/9365/3727/5143/1388/5337/4209/6667/1594/3709/4325/2625",38
"Organismal Systems","Immune system","hsa04611","Platelet activation","41/2156","126/9399",0.325396825396825,1.41855508437141,2.58054014992888,0.0083040793760337,0.0236294941594455,0.0132893696475678,"2149/83660/108/2773/5567/2776/2983/5291/2778/4067/1281/107/2207/2212/23365/10000/8673/10627/1278/3688/2982/111/5590/2770/1277/83706/3708/23236/208/5595/23533/5600/3690/3709/8605/64805/6093/10125/5028/6850/5294",41
"Human Diseases","Cancer: overview","hsa05203","Viral carcinogenesis","62/2156","205/9399",0.302439024390244,1.31847142404634,2.51523175074417,0.00888405848891223,0.0250759715412845,0.0141028772277299,"983/3133/6672/2966/1111/998/5933/1017/8362/3107/7157/3106/5567/7533/3135/5291/79885/3105/890/6774/3665/7534/894/3134/9261/5970/4067/8363/6777/841/581/1960/991/4792/5829/1019/10013/3572/836/1108/8344/8900/3725/5595/51564/595/8346/1021/5934/1388/8345/10014/54145/85477/718/7337/87/4193/6850/1029/9734/1030",62
"Human Diseases","Cancer: specific types","hsa05213","Endometrial cancer","22/2156","59/9399",0.372881355932203,1.62556208924248,2.62969781267713,0.00896000220444426,0.0250880061724439,0.0141096455766827,"7157/5604/673/5291/1956/1495/10000/581/4609/208/83439/5595/595/29119/4616/1643/1647/1496/8312/51176/2064/999",22
"Organismal Systems","Circulatory system","hsa04260","Cardiac muscle contraction","30/2156","87/9399",0.344827586206897,1.50326274710511,2.57285779312705,0.00925256754169993,0.0254992018865746,0.0143409045196675,"10368/10479/775/7170/1349/6546/6543/6262/782/488/785/55799/59283/781/478/10369/783/444/776/784/481/1346/7169/7168/84679/9254/7171/786/6547/4625",30
"Human Diseases","Cancer: specific types","hsa05210","Colorectal cancer","30/2156","87/9399",0.344827586206897,1.50326274710511,2.57285779312705,0.00925256754169993,0.0254992018865746,0.0143409045196675,"332/5601/7157/5602/5604/673/5291/1956/5599/10000/7042/581/7040/4609/836/208/83439/3725/5595/595/4616/1643/5880/1647/7039/8312/51176/4087/10018/7048",30
"Genetic Information Processing","Replication and repair","hsa03030","DNA replication","15/2156","36/9399",0.416666666666667,1.81644248608534,2.67764002496259,0.0093867452466117,0.0256668815337039,0.0144352085618124,"5111/5424/4174/4172/5558/4176/4171/6117/10535/5982/4175/4173/6119/5985/6742",15
"Human Diseases","Infectious disease: bacterial","hsa05132","Salmonella infection","73/2156","248/9399",0.294354838709677,1.28322872404094,2.46610585661197,0.0097427483770825,0.0264338134261928,0.0148665356712724,"57180/5601/1639/6416/5058/2316/6993/3831/998/26999/5602/7097/5604/3800/81873/302/10382/5291/7277/7132/1780/3654/3551/4615/5063/6281/5970/8795/7184/834/841/3798/5599/9844/10000/581/10627/4792/10095/4609/5788/836/64746/208/83439/23643/3725/5595/60412/929/10810/26084/1785/29108/51164/84617/5600/9266/653857/57381/399/79659/9842/3606/837/6237/257397/5287/51176/4646/9265/5294/79026",73
"Human Diseases","Immune disease","hsa05323","Rheumatoid arthritis","32/2156","95/9399",0.336842105263158,1.46845034664584,2.50364859479748,0.0107307465353016,0.0288904714411965,0.0162481749158007,"535/8992/534/51606/7097/523/529/528/3126/3122/526/3113/23545/3123/7042/3108/525/7040/3115/3127/7422/1435/10673/3725/3119/3689/3117/7010/3606/10312/6352/2921",32
"Organismal Systems","Sensory system","hsa04750","Inflammatory mediator regulation of TRP channels","33/2156","99/9399",0.333333333333333,1.45315398886827,2.47288993099864,0.0114524751511995,0.0305982160528232,0.0172086207575276,"5601/805/5579/5582/3356/108/3358/5567/5602/816/818/2776/40/808/5291/2778/5581/815/801/107/5599/5588/111/3708/23236/5600/3556/3709/3269/8605/3479/79054/2150",33
"Human Diseases","Infectious disease: viral","hsa05160","Hepatitis C","48/2156","156/9399",0.307692307692308,1.34137291280148,2.34567444520163,0.0141833306981591,0.0376073162451188,0.0211505808656758,"55844/1017/7157/5604/5515/673/9071/7533/5522/5291/7132/6774/3551/1956/3665/7534/5521/5970/57506/7098/841/10000/581/8837/4792/1019/4940/4609/836/5465/3455/208/5595/595/4938/1021/355/3627/6772/9021/5010/3949/24146/4939/949/5516/5519/137075",48
"Genetic Information Processing","Replication and repair","hsa03440","Homologous recombination","16/2156","41/9399",0.390243902439024,1.70125345038237,2.45503831871183,0.0150937624324966,0.0397204274539385,0.0223390073199594,"580/675/5932/5424/4683/7979/6117/83990/146956/25788/672/5888/6119/8940/5893/6742",16
"Organismal Systems","Endocrine system","hsa04916","Melanogenesis","33/2156","101/9399",0.326732673267327,1.42437866235603,2.33938828923183,0.015656727334312,0.0408944370672328,0.0229992773881881,"805/5579/5582/108/2773/7480/5567/816/5604/818/2776/808/2778/2775/815/7474/801/107/8324/111/2770/7306/23236/83439/5595/3815/2535/8321/8326/7855/1910/7477/51176",33
"Human Diseases","Infectious disease: bacterial","hsa05131","Shigellosis","73/2156","253/9399",0.288537549407115,1.25786847257768,2.26843200413735,0.0157985010932264,0.0409590769083648,0.0230356312236518,"960/55752/57180/5601/10163/83660/7322/3020/8945/998/7336/7157/989/5602/81873/23176/5291/23157/7132/3551/1956/5581/4615/84557/8936/3678/5970/834/11335/3098/5599/9844/10000/10801/581/10627/55964/3688/5588/4735/4792/10095/5829/9252/3708/23236/208/3725/5595/3059/929/8351/29108/5600/9266/653857/3099/10892/3709/718/9140/87/440738/4193/8357/3606/837/115004/8355/6093/257397/6352/9265",73
"Human Diseases","Cardiovascular disease","hsa05418","Fluid shear stress and atherosclerosis","44/2156","142/9399",0.309859154929577,1.3508192009198,2.29813348842271,0.0161413521390101,0.0415402444753936,0.0233624833590936,"5601/6416/805/5598/7157/5602/119391/4208/808/5291/7132/3551/5970/7184/801/5599/10000/5590/4313/7422/208/3725/857/5563/1535/2949/5175/6401/6382/51588/2817/4780/5600/3162/3690/4318/5327/5880/445/5607/4880/653361/7412/858",44
"Environmental Information Processing","Signal transduction","hsa04070","Phosphatidylinositol signaling system","32/2156","98/9399",0.326530612244898,1.42349778501382,2.29922892762241,0.0172881363575271,0.0441667717163101,0.0248396580780451,"8867/805/3636/5579/5582/8525/3631/5297/3706/808/5291/22876/3632/51447/801/8871/9108/8526/8395/3705/1040/5305/1609/3708/23236/1608/1607/3709/3707/3635/8394/5287",32
"Human Diseases","Immune disease","hsa05332","Graft-versus-host disease","17/2156","45/9399",0.377777777777778,1.64690785405071,2.37319188163037,0.0176542785712339,0.0447753442024047,0.0251819229048111,"3133/3107/3106/3135/3105/3134/3126/3122/3113/3123/3108/3115/3127/3119/3824/355/3117",17
"Human Diseases","Infectious disease: bacterial","hsa05130","Pathogenic Escherichia coli infection","59/2156","200/9399",0.295,1.28604128014842,2.23077750998168,0.0178640830879331,0.0449815041782488,0.0252978685152858,"57180/5601/2149/10163/5058/998/26999/5602/4644/81873/9071/10382/7277/7132/3654/3551/4615/5063/8936/5970/8795/2768/10458/834/2212/23365/841/5599/581/3688/114483834/4792/10095/836/4651/1902/9170/3725/5595/3059/10810/29108/355/84617/5600/9266/653857/4642/7430/4629/3606/837/5010/6093/257397/24146/4646/9265/137075",59
"Human Diseases","Cancer: specific types","hsa05225","Hepatocellular carcinoma","51/2156","170/9399",0.3,1.30783858998145,2.20980043547772,0.0192264505850083,0.0479403052618283,0.0269619160419906,"5579/5582/7157/51412/7480/119391/5604/86/1452/673/5291/1956/6605/4041/6464/7474/8324/10000/7042/6599/581/7040/1019/4609/208/83439/5595/53358/595/2949/2535/8321/1021/8326/7855/4780/3162/4616/8193/1643/1647/7477/7039/55193/8312/51176/1029/4087/7048/3082/4233",51
"Cellular Processes","Cell growth and death","hsa04216","Ferroptosis","16/2156","42/9399",0.380952380952381,1.66074741584946,2.34139485535912,0.0193130944054794,0.0479403052618283,0.0269619160419906,"7157/2182/84557/55240/5094/5621/23305/4891/1356/30061/7018/6303/3162/23516/440738/7037",16
"Organismal Systems","Endocrine system","hsa04914","Progesterone-mediated oocyte maturation","35/2156","110/9399",0.318181818181818,1.38710153482881,2.22802269546059,0.0198775935000537,0.0486720415773812,0.0273734489472791,"5601/983/108/1017/2773/5567/5602/5604/9133/673/6790/5291/699/890/22849/6793/64506/107/995/441273/5599/10000/993/4085/891/111/2770/208/8900/5595/5347/6196/27330/5600/3479",35
"Environmental Information Processing","Signal transduction","hsa04310","Wnt signaling pathway","53/2156","178/9399",0.297752808988764,1.29804204623627,2.19018793660442,0.0199691517114703,0.0486720415773812,0.0273734489472791,"5601/5579/8945/5582/51701/5532/5534/7157/7480/5567/5602/816/818/1452/815/894/4041/5530/7474/57216/8324/8607/5599/4775/4609/340419/84870/144165/23236/81839/83439/3725/595/11197/2535/6424/8321/8326/7855/4919/6422/6907/9620/4773/5880/8840/23500/7477/8549/6423/8312/27123/51176",53
"Human Diseases","Cancer: specific types","hsa05211","Renal cell carcinoma","24/2156","70/9399",0.342857142857143,1.49467267426451,2.26637750042818,0.020025068534694,0.0486720415773812,0.0273734489472791,"5058/998/56924/5604/3091/673/5291/5063/9915/57144/10000/7042/7040/7422/2113/208/3725/5595/8453/6923/7039/54583/3082/4233",24
